Size,Type,Time_ms,Memory_MB
200,Serial,2.0847320556640625,0.3053131103515625
200,Distributed,47.8208065032959,1.049321174621582
400,Serial,1.5349388122558594,1.220794677734375
400,Distributed,27.151823043823242,3.9804792404174805
600,Serial,1.1239051818847656,2.746673583984375
600,Distributed,37.091732025146484,8.864720344543457
800,Serial,2.6140213012695312,4.882904052734375
800,Distributed,68.35579872131348,15.526864051818848
