Size,Time_ms,Memory_MB
200,170.3929901123047,3.942263603210449
400,118.8809871673584,6.474887847900391
600,130.13720512390137,14.40015983581543
